浠ｇ爜,绠€绉?鍏憡鏍囬,鍏憡鏃堕棿,鍏憡閾炬帴

600941,涓浗绉诲姩,涓浗绉诲姩锛?025骞村崐<em>骞村害鎶ュ憡</em>,2025-08-08,http://www.cninfo.com.cn/new/disclosure/detail?stockCode=600941&announcementId=1224425060&orgId=gshk0000941&announcementTime=2025-08-08

600941,涓浗绉诲姩,涓浗绉诲姩锛?025骞村崐<em>骞村害鎶ュ憡</em>鎽樿,2025-08-08,http://www.cninfo.com.cn/new/disclosure/detail?stockCode=600941&announcementId=1224425056&orgId=gshk0000941&announcementTime=2025-08-08

600941,涓浗绉诲姩,涓浗绉诲姩锛?024骞?em>骞村害鎶ュ憡</em>鎽樿,2025-03-21,http://www.cninfo.com.cn/new/disclosure/detail?stockCode=600941&announcementId=1222856328&orgId=gshk0000941&announcementTime=2025-03-21

600941,涓浗绉诲姩,涓浗绉诲姩锛?024骞?em>骞村害鎶ュ憡</em>,2025-03-21,http://www.cninfo.com.cn/new/disclosure/detail?stockCode=600941&announcementId=1222856315&orgId=gshk0000941&announcementTime=2025-03-21

600941,涓浗绉诲姩,涓浗绉诲姩锛?024骞村崐<em>骞村害鎶ュ憡</em>鎽樿,2024-08-09,http://www.cninfo.com.cn/new/disclosure/detail?stockCode=600941&announcementId=1220823038&orgId=gshk0000941&announcementTime=2024-08-09

600941,涓浗绉诲姩,涓浗绉诲姩锛?024骞村崐<em>骞村害鎶ュ憡</em>,2024-08-09,http://www.cninfo.com.cn/new/disclosure/detail?stockCode=600941&announcementId=1220823036&orgId=gshk0000941&announcementTime=2024-08-09

600941,涓浗绉诲姩,涓浗绉诲姩锛?023骞?em>骞村害鎶ュ憡</em>鎽樿,2024-03-22,http://www.cninfo.com.cn/new/disclosure/detail?stockCode=600941&announcementId=1219372949&orgId=gshk0000941&announcementTime=2024-03-22

600941,涓浗绉诲姩,涓浗绉诲姩锛?023骞?em>骞村害鎶ュ憡</em>,2024-03-22,http://www.cninfo.com.cn/new/disclosure/detail?stockCode=600941&announcementId=1219372942&orgId=gshk0000941&announcementTime=2024-03-22

600941,涓浗绉诲姩,涓浗绉诲姩锛?023骞村崐<em>骞村害鎶ュ憡</em>,2023-08-11,http://www.cninfo.com.cn/new/disclosure/detail?stockCode=600941&announcementId=1217509880&orgId=gshk0000941&announcementTime=2023-08-11

600941,涓浗绉诲姩,涓浗绉诲姩锛?023骞村崐<em>骞村害鎶ュ憡</em>鎽樿,2023-08-11,http://www.cninfo.com.cn/new/disclosure/detail?stockCode=600941&announcementId=1217509878&orgId=gshk0000941&announcementTime=2023-08-11

600941,涓浗绉诲姩,涓浗绉诲姩锛?022骞?em>骞村害鎶ュ憡</em>鎽樿,2023-03-24,http://www.cninfo.com.cn/new/disclosure/detail?stockCode=600941&announcementId=1216200841&orgId=gshk0000941&announcementTime=2023-03-24

600941,涓浗绉诲姩,涓浗绉诲姩锛?022骞?em>骞村害鎶ュ憡</em>,2023-03-24,http://www.cninfo.com.cn/new/disclosure/detail?stockCode=600941&announcementId=1216200838&orgId=gshk0000941&announcementTime=2023-03-24


